time;position
0.000;0.367705
0.010;0.364742
0.020;0.362123
0.030;0.35985
0.040;0.357903
0.050;0.356509
0.060;0.355251
0.070;0.354527
0.080;0.354148
0.090;0.354113
0.100;0.354403
0.110;0.355228
0.120;0.356396
0.130;0.357907
0.140;0.359762
0.150;0.361961
0.160;0.364502
0.170;0.367387
0.180;0.370615
0.190;0.374186
0.200;0.378099
0.210;0.382413
0.220;0.386517
0.230;0.390772
0.240;0.39541
0.250;0.400248
0.260;0.402948
0.270;0.407778
0.280;0.412374
0.290;0.417355
0.300;0.422336
0.310;0.427316
0.320;0.432103
0.330;0.438868
0.340;0.44355
0.350;0.447867
0.360;0.45199
0.370;0.456158
0.380;0.459961
0.390;0.463592
0.400;0.467052
0.410;0.470388
0.420;0.473185
0.430;0.475639
0.440;0.477749
0.450;0.47954
0.460;0.480792
0.470;0.481724
0.480;0.482116
0.490;0.482164
0.500;0.481868
0.510;0.481252
0.520;0.480096
0.530;0.478595
0.540;0.47675
0.550;0.47456
0.560;0.472025
0.570;0.469381
0.580;0.464199
0.590;0.460607
0.600;0.456841
0.610;0.452903
0.620;0.448793
0.630;0.44451
0.640;0.440054
0.650;0.435426
0.660;0.430624
0.670;0.425608
0.680;0.420806
0.690;0.41579
0.700;0.410947
0.710;0.406053
0.720;0.403713
0.730;0.399043
0.740;0.394525
0.750;0.390392
0.760;0.38624
0.770;0.38228
0.780;0.378281
0.790;0.374647
0.800;0.371166
0.810;0.368012
0.820;0.365412
0.830;0.362966
0.840;0.360846
0.850;0.35928
0.860;0.357849
0.870;0.356936
0.880;0.356574
0.890;0.356348
0.900;0.356657
0.910;0.357327
0.920;0.358133
0.930;0.359454
0.940;0.361327
0.950;0.363335
0.960;0.365895
0.970;0.368608
0.980;0.371664
0.990;0.375082
1.000;0.378671
1.010;0.382432
1.020;0.386364
1.030;0.390487
1.040;0.394591
1.050;0.398885
1.060;0.403381
1.070;0.405737
1.080;0.410162
1.090;0.414971
1.100;0.41978
1.110;0.42459
1.120;0.42942
1.130;0.434058
1.140;0.438718
1.150;0.443206
1.160;0.447545
1.170;0.451519
1.180;0.455322
1.190;0.458976
1.200;0.46201
1.210;0.467318
1.220;0.469919
1.230;0.472373
1.240;0.474506
1.250;0.476078
1.260;0.477548
1.270;0.47826
1.280;0.478824
1.290;0.479044
1.300;0.47892
1.310;0.478476
1.320;0.477467
1.330;0.476334
1.340;0.474637
1.350;0.472768
1.360;0.47075
1.370;0.46841
1.380;0.465507
1.390;0.462454
1.400;0.45931
1.410;0.453397
1.420;0.449459
1.430;0.445349
1.440;0.441065
1.450;0.436588
1.460;0.432153
1.470;0.427309
1.480;0.42268
1.490;0.417857
1.500;0.412766
1.510;0.41041
1.520;0.405932
1.530;0.401434
1.540;0.397109
1.550;0.392956
1.560;0.388976
1.570;0.385168
1.580;0.381534
1.590;0.378071
1.600;0.374763
1.610;0.371817
1.620;0.369026
1.630;0.36658
1.640;0.364478
1.650;0.362721
1.660;0.361326
1.670;0.360068
1.680;0.359326
1.690;0.359136
1.700;0.3591
1.710;0.35939
1.720;0.360232
1.730;0.361209
1.740;0.362739
1.750;0.364403
1.760;0.366601
1.770;0.369161
1.780;0.371873
1.790;0.374929
1.800;0.378328
1.810;0.382127
1.820;0.385696
1.830;0.389648
1.840;0.39356
1.850;0.397855
1.860;0.40237
1.870;0.404534
1.880;0.40898
1.890;0.413618
1.900;0.418255
1.910;0.422914
1.920;0.42738
1.930;0.431847
1.940;0.436335
1.950;0.440651
1.960;0.444796
1.970;0.44877
1.980;0.452573
1.990;0.455953
2.000;0.4616
2.010;0.464544
2.020;0.467341
2.030;0.469794
2.040;0.471904
2.050;0.473671
2.060;0.475093
2.070;0.476149
2.080;0.47708
2.090;0.477472
2.100;0.47752
2.110;0.477223
2.120;0.476607
2.130;0.475426
2.140;0.474097
2.150;0.472447
2.160;0.470233
2.170;0.46787
2.180;0.465419
2.190;0.460193
2.200;0.456968
2.210;0.453375
2.220;0.449609
2.230;0.445671
2.240;0.441538
2.250;0.437449
2.260;0.432949
2.270;0.428687
2.280;0.424015
2.290;0.419537
2.300;0.41506
2.310;0.410335
2.320;0.40815
2.330;0.403825
2.340;0.399712
2.350;0.395367
2.360;0.391387
2.370;0.387579
2.380;0.383944
2.390;0.380481
2.400;0.377191
2.410;0.374055
2.420;0.371264
2.430;0.368836
2.440;0.366543
2.450;0.364804
2.460;0.363201
2.470;0.362132
2.480;0.361408
2.490;0.361028
2.500;0.360992
2.510;0.3613
2.520;0.361951
2.530;0.362965
2.540;0.364114
2.550;0.365797
2.560;0.367841
2.570;0.370038
2.580;0.372579
2.590;0.375482
2.600;0.378537
2.610;0.381974
2.620;0.385372
2.630;0.389152
2.640;0.392893
2.650;0.397016
2.660;0.401119
2.670;0.405656
2.680;0.407646
2.690;0.411921
2.700;0.416387
2.710;0.420853
2.720;0.42534
2.730;0.429635
2.740;0.433951
2.750;0.438074
2.760;0.442219
2.770;0.446215
2.780;0.449824
2.790;0.453477
2.800;0.456788
2.810;0.459732
2.820;0.462528
2.830;0.464981
2.840;0.46709
2.850;0.468856
2.860;0.470255
2.870;0.47153
2.880;0.472241
2.890;0.472804
2.900;0.473024
2.910;0.472899
2.920;0.47243
2.930;0.471617
2.940;0.47046
2.950;0.468958
2.960;0.467112
2.970;0.464897
2.980;0.462534
2.990;0.459803
3.000;0.456899
3.010;0.453846
3.020;0.450425
3.030;0.446854
3.040;0.442893
3.050;0.438977
3.060;0.434671
3.070;0.430366
3.080;0.426061
3.090;0.421776
3.100;0.417278
3.110;0.412972
3.120;0.408401
3.130;0.40658
3.140;0.402427
3.150;0.398446
3.160;0.394658
3.170;0.390831
3.180;0.387387
3.190;0.383906
3.200;0.380807
3.210;0.377689
3.220;0.374706
3.230;0.372278
3.240;0.370004
3.250;0.368074
3.260;0.366488
3.270;0.365266
3.280;0.364197
3.290;0.363454
3.300;0.363264
3.310;0.363228
3.320;0.363535
3.330;0.364169
3.340;0.365354
3.350;0.366693
3.360;0.368375
3.370;0.370419
3.380;0.372598
3.390;0.375329
3.400;0.378232
3.410;0.381306
3.420;0.384551
3.430;0.387949
3.440;0.391729
3.450;0.395489
3.460;0.399441
3.470;0.403614
3.480;0.405433
3.490;0.409536
3.500;0.413831
3.510;0.418125
3.520;0.42242
3.530;0.426715
3.540;0.431052
3.550;0.435004
3.560;0.438955
3.570;0.442951
3.580;0.446581
3.590;0.45004
3.600;0.453328
3.610;0.456467
3.620;0.45924
3.630;0.461864
3.640;0.464145
3.650;0.466059
3.660;0.467848
3.670;0.469075
3.680;0.470177
3.690;0.470717
3.700;0.471108
3.710;0.471155
3.720;0.470858
3.730;0.470194
3.740;0.469146
3.750;0.469943
3.760;0.468442
3.770;0.466595
3.780;0.464404
3.790;0.461869
3.800;0.458965
3.810;0.45614
3.820;0.450769
3.830;0.447154
3.840;0.44356
3.850;0.439794
3.860;0.435833
3.870;0.431894
3.880;0.427783
3.890;0.423477
3.900;0.419172
3.910;0.414846
3.920;0.410692
3.930;0.406508
3.940;0.404665
3.950;0.400665
3.960;0.397069
3.970;0.393241
3.980;0.389798
3.990;0.386316
4.000;0.383217
4.010;0.38008
4.020;0.377307
4.030;0.374688
4.040;0.372431
4.050;0.370311
4.060;0.368743
4.070;0.36733
4.080;0.366261
4.090;0.365537
4.100;0.365174
4.110;0.364948
4.120;0.365255
4.130;0.365925
4.140;0.366729
4.150;0.368086
4.160;0.369597
4.170;0.371451
4.180;0.373648
4.190;0.376226
4.200;0.378747
4.210;0.381859
4.220;0.384742
4.230;0.387988
4.240;0.391405
4.250;0.395013
4.260;0.398582
4.270;0.402774
4.280;0.404443
4.290;0.408182
4.300;0.412326
4.310;0.416236
4.320;0.420572
4.330;0.424503
4.340;0.428647
4.350;0.432599
4.360;0.436572
4.370;0.440374
4.380;0.444004
4.390;0.447485
4.400;0.450578
4.410;0.453717
4.420;0.456512
4.430;0.458942
4.440;0.460946
4.450;0.465199
4.460;0.466965
4.470;0.468387
4.480;0.469443
4.490;0.470373
4.500;0.47074
4.510;0.470983
4.520;0.470663
4.530;0.470194
4.540;0.46938
4.550;0.468199
4.560;0.466869
4.570;0.465195
4.580;0.463176
4.590;0.46079
4.600;0.458231
4.610;0.455773
4.620;0.450552
4.630;0.447303
4.640;0.443882
4.650;0.440288
4.660;0.4365
4.670;0.432734
4.680;0.428773
4.690;0.424834
4.700;0.420701
4.710;0.416547
4.720;0.412586
4.730;0.408381
4.740;0.406711
4.750;0.402903
4.760;0.399287
4.770;0.395632
4.780;0.392361
4.790;0.38907
4.800;0.385952
4.810;0.383006
4.820;0.380252
4.830;0.377441
4.840;0.375185
4.850;0.373083
4.860;0.371343
4.870;0.369739
4.880;0.368688
4.890;0.367791
4.900;0.367238
4.910;0.36703
4.920;0.367183
4.930;0.367491
4.940;0.368142
4.950;0.369136
4.960;0.370475
4.970;0.372175
4.980;0.374029
4.990;0.376226
5.000;0.378804
5.010;0.381344
5.020;0.384265
5.030;0.387148
5.040;0.390413
5.050;0.393639
5.060;0.397227
5.070;0.401227
5.080;0.402897
5.090;0.406677
5.100;0.410436
5.110;0.414367
5.120;0.418511
5.130;0.422462
5.140;0.426435
5.150;0.430215
5.160;0.433995
5.170;0.437796
5.180;0.441449
5.190;0.444714
5.200;0.448001
5.210;0.451139
5.220;0.453912
5.230;0.456512
5.240;0.458965
5.250;0.460797
5.260;0.464902
5.270;0.466301
5.280;0.467528
5.290;0.46863
5.300;0.469193
5.310;0.469388
5.320;0.469458
5.330;0.468966
5.340;0.468324
5.350;0.467316
5.360;0.466181
5.370;0.46446
5.380;0.462809
5.390;0.460594
5.400;0.458483
5.410;0.453606
5.420;0.450702
5.430;0.447625
5.440;0.444399
5.450;0.440761
5.460;0.437361
5.470;0.433573
5.480;0.429806
5.490;0.425846
5.500;0.421885
5.510;0.417925
5.520;0.413943
5.530;0.410155
5.540;0.406123
5.550;0.404625
5.560;0.401009
5.570;0.397373
5.580;0.39391
5.590;0.390639
5.600;0.38731
5.610;0.384556
5.620;0.381782
5.630;0.379162
5.640;0.376906
5.650;0.374822
5.660;0.372873
5.670;0.371497
5.680;0.370065
5.690;0.369167
5.700;0.368614
5.710;0.368424
5.720;0.368387
5.730;0.368694
5.740;0.369345
5.750;0.370358
5.760;0.371525
5.770;0.373053
5.780;0.374735
5.790;0.376779
5.800;0.378976
5.810;0.381535
5.820;0.384265
5.830;0.387168
5.840;0.390241
5.850;0.393506
5.860;0.396751
5.870;0.400168
5.880;0.404018
5.890;0.405302
5.900;0.409062
5.910;0.413013
5.920;0.416985
5.930;0.420744
5.940;0.424717
5.950;0.428497
5.960;0.43232
5.970;0.435734
5.980;0.439387
5.990;0.442674
6.000;0.445767
6.010;0.448905
6.020;0.451677
6.030;0.454301
6.040;0.456558
6.050;0.458667
6.060;0.460432
6.070;0.46183
6.080;0.463057
6.090;0.464135
6.100;0.464614
6.110;0.467129
6.120;0.467371
6.130;0.46705
6.140;0.466581
6.150;0.466
6.160;0.462888
6.170;0.461363
6.180;0.459665
6.190;0.457818
6.200;0.455603
6.210;0.453239
6.220;0.450484
6.230;0.447775
6.240;0.444698
6.250;0.441427
6.260;0.4382
6.270;0.434584
6.280;0.43099
6.290;0.427202
6.300;0.423414
6.310;0.419626
6.320;0.415837
6.330;0.412029
6.340;0.408188
6.350;0.406671
6.360;0.403227
6.370;0.399764
6.380;0.396493
6.390;0.393182
6.400;0.390256
6.410;0.38729
6.420;0.384689
6.430;0.38228
6.440;0.379832
6.450;0.377748
6.460;0.375817
6.470;0.37425
6.480;0.372836
6.490;0.371785
6.500;0.370869
6.510;0.370507
6.520;0.370316
6.530;0.37026
6.540;0.370758
6.550;0.371427
6.560;0.372231
6.570;0.373588
6.580;0.375116
6.590;0.376779
6.600;0.379014
6.610;0.381229
6.620;0.383597
6.630;0.386328
6.640;0.38923
6.650;0.392303
6.660;0.395548
6.670;0.398985
6.680;0.402643
6.690;0.403948
6.700;0.407576
6.710;0.410972
6.720;0.414752
6.730;0.418532
6.740;0.422333
6.750;0.425941
6.760;0.429549
6.770;0.433179
6.780;0.436637
6.790;0.439902
6.800;0.443211
6.810;0.446155
6.820;0.448905
6.830;0.4517
6.840;0.454152
6.850;0.456214
6.860;0.458346
6.870;0.459916
6.880;0.461315
6.890;0.46231
6.900;0.465385
6.910;0.465729
6.920;0.466143
6.930;0.465995
6.940;0.465674
6.950;0.465204
6.960;0.464391
6.970;0.463232
6.980;0.46173
6.990;0.45986
7.000;0.45784
7.010;0.455431
7.020;0.453066
7.030;0.450605
7.040;0.445365
7.050;0.442288
7.060;0.439017
7.070;0.43579
7.080;0.432174
7.090;0.428558
7.100;0.424942
7.110;0.421347
7.120;0.417559
7.130;0.41375
7.140;0.410114
7.150;0.406671
7.160;0.403005
7.170;0.401658
7.180;0.398367
7.190;0.395268
7.200;0.392149
7.210;0.389203
7.220;0.38643
7.230;0.383809
7.240;0.381572
7.250;0.379297
7.260;0.377366
7.270;0.375798
7.280;0.374384
7.290;0.373333
7.300;0.372436
7.310;0.371901
7.320;0.37152
7.330;0.371483
7.340;0.37179
7.350;0.37244
7.360;0.373472
7.370;0.374447
7.380;0.375976
7.390;0.377676
7.400;0.379529
7.410;0.381764
7.420;0.38396
7.430;0.386519
7.440;0.389249
7.450;0.392151
7.460;0.395225
7.470;0.398489
7.480;0.401734
7.490;0.405171
7.500;0.408852
7.510;0.409962
7.520;0.41357
7.530;0.417178
7.540;0.420786
7.550;0.424394
7.560;0.428024
7.570;0.431482
7.580;0.434747
7.590;0.438034
7.600;0.441149
7.610;0.444093
7.620;0.446865
7.630;0.449488
7.640;0.451745
7.650;0.45383
7.660;0.455744
7.670;0.457509
7.680;0.458907
7.690;0.460134
7.700;0.460981
7.710;0.463689
7.720;0.463884
7.730;0.463907
7.740;0.463782
7.750;0.463312
7.760;0.462475
7.770;0.461489
7.780;0.460135
7.790;0.458885
7.800;0.454869
7.810;0.452849
7.820;0.450439
7.830;0.448074
7.840;0.445343
7.850;0.442438
7.860;0.439339
7.870;0.436262
7.880;0.433013
7.890;0.42957
7.900;0.426126
7.910;0.422704
7.920;0.419088
7.930;0.415451
7.940;0.411987
7.950;0.408491
7.960;0.407339
7.970;0.404068
7.980;0.400777
7.990;0.397678
8.000;0.39454
8.010;0.391766
8.020;0.389184
8.030;0.386583
8.040;0.384115
8.050;0.382241
8.060;0.380138
8.070;0.378379
8.080;0.376984
8.090;0.375742
8.100;0.374863
8.110;0.374137
8.120;0.373756
8.130;0.373756
8.140;0.3737
8.150;0.374197
8.160;0.374866
8.170;0.37567
8.180;0.377045
8.190;0.378364
8.200;0.380255
8.210;0.382127
8.220;0.384151
8.230;0.386538
8.240;0.389097
8.250;0.391847
8.260;0.394557
8.270;0.397869
8.280;0.398833
8.290;0.402098
8.300;0.405363
8.310;0.408607
8.320;0.412023
8.330;0.415652
8.340;0.419089
8.350;0.422525
8.360;0.425962
8.370;0.42942
8.380;0.432685
8.390;0.435972
8.400;0.439087
8.410;0.44203
8.420;0.444802
8.430;0.447403
8.440;0.449832
8.450;0.452111
8.460;0.454025
8.470;0.455767
8.480;0.45736
8.490;0.458586
8.500;0.459664
8.510;0.460375
8.520;0.460684
8.530;0.463047
8.540;0.462898
8.550;0.462601
8.560;0.461959
8.570;0.460949
8.580;0.459768
8.590;0.458437
8.600;0.456739
8.610;0.454892
8.620;0.452926
8.630;0.448396
8.640;0.445837
8.650;0.443105
8.660;0.4402
8.670;0.437123
8.680;0.433852
8.690;0.430581
8.700;0.427331
8.710;0.423888
8.720;0.420444
8.730;0.417001
8.740;0.413558
8.750;0.410094
8.760;0.406802
8.770;0.403501
8.780;0.402326
8.790;0.399207
8.800;0.396281
8.810;0.393335
8.820;0.390541
8.830;0.388112
8.840;0.385875
8.850;0.38358
8.860;0.381859
8.870;0.380119
8.880;0.378532
8.890;0.377309
8.900;0.37622
8.910;0.375704
8.920;0.375151
8.930;0.374941
8.940;0.375094
8.950;0.375401
8.960;0.37607
8.970;0.376892
8.980;0.378077
8.990;0.379414
9.000;0.381133
9.010;0.382814
9.020;0.384858
9.030;0.387073
9.040;0.38946
9.050;0.392038
9.060;0.394577
9.070;0.397498
9.080;0.4004
9.090;0.403493
9.100;0.406789
9.110;0.40794
9.120;0.411185
9.130;0.414621
9.140;0.418058
9.150;0.421516
9.160;0.424759
9.170;0.428239
9.180;0.431332
9.190;0.434425
9.200;0.437562
9.210;0.440312
9.220;0.443084
9.230;0.445706
9.240;0.447941
9.250;0.45022
9.260;0.452134
9.270;0.453876
9.280;0.455469
9.290;0.456695
9.300;0.457772
9.310;0.45846
9.320;0.459217
9.330;0.459389
9.340;0.45963
9.350;0.459332
9.360;0.458667
9.370;0.457829
9.380;0.456843
9.390;0.455489
9.400;0.453963
9.410;0.452287
9.420;0.450245
9.430;0.44803
9.440;0.445642
9.450;0.443082
9.460;0.440328
9.470;0.437618
9.480;0.434519
9.490;0.431442
9.500;0.428171
9.510;0.4249
9.520;0.42165
9.530;0.418185
9.540;0.414935
9.550;0.41145
9.560;0.408127
9.570;0.407146
9.580;0.404027
9.590;0.401101
9.600;0.398155
9.610;0.395381
9.620;0.392779
9.630;0.390369
9.640;0.387901
9.650;0.386028
9.660;0.383905
9.670;0.382356
9.680;0.380788
9.690;0.379374
9.700;0.378323
9.710;0.377443
9.720;0.376718
9.730;0.376336
9.740;0.376317
9.750;0.376452
9.760;0.376949
9.770;0.377618
9.780;0.37844
9.790;0.379605
9.800;0.381152
9.810;0.382662
9.820;0.384533
9.830;0.386577
9.840;0.388792
9.850;0.391179
9.860;0.393737
9.870;0.396467
9.880;0.399389
9.890;0.402511
9.900;0.403513
9.910;0.406414
9.920;0.409487
9.930;0.412752
9.940;0.416017
9.950;0.419261
9.960;0.422718
9.970;0.426005
9.980;0.429098
9.990;0.432191
10.000;0.435328
10.010;0.438078
10.020;0.440849
10.030;0.44345
10.040;0.445878
10.050;0.448135
10.060;0.45022
10.070;0.452157
10.080;0.453727
10.090;0.454852
10.100;0.458437
10.110;0.459343
10.120;0.459859
10.130;0.460444
10.140;0.460444
10.150;0.460513
10.160;0.459997
10.170;0.45955
10.180;0.45854
10.190;0.457359
10.200;0.456028
10.210;0.45433
10.220;0.452482
10.230;0.450515
10.240;0.445964
10.250;0.443577
10.260;0.441017
10.270;0.438285
10.280;0.435358
10.290;0.432475
10.300;0.429182
10.310;0.426105
10.320;0.422834
10.330;0.419563
10.340;0.416291
10.350;0.41302
10.360;0.409729
10.370;0.40661
10.380;0.403461
10.390;0.40265
10.400;0.399704
10.410;0.39695
10.420;0.394156
10.430;0.391727
10.440;0.389489
10.450;0.387213
10.460;0.38532
10.470;0.383369
10.480;0.381993
10.490;0.380597
10.500;0.379355
10.510;0.378476
10.520;0.37775
10.530;0.377387
10.540;0.377177
10.550;0.37733
10.560;0.377636
10.570;0.378305
10.580;0.379127
10.590;0.380312
10.600;0.381687
10.610;0.383005
10.620;0.384896
10.630;0.386749
10.640;0.388983
10.650;0.391198
10.660;0.393585
10.670;0.396143
10.680;0.398873
10.690;0.401794
10.700;0.404959
10.710;0.405555
10.720;0.408648
10.730;0.411721
10.740;0.414986
10.750;0.418272
10.760;0.421344
10.770;0.42463
10.780;0.427744
10.790;0.430666
10.800;0.433587
10.810;0.436553
10.820;0.439131
10.830;0.441753
10.840;0.443987
10.850;0.446267
10.860;0.44818
10.870;0.449899
10.880;0.451663
10.890;0.453084
10.900;0.454116
10.910;0.455193
10.920;0.455926
10.930;0.456293
10.940;0.456488
10.950;0.456534
10.960;0.456212
10.970;0.455742
10.980;0.454904
10.990;0.453895
11.000;0.452736
11.010;0.45121
11.020;0.449511
11.030;0.447641
11.040;0.445598
11.050;0.443405
11.060;0.440823
11.070;0.438263
11.080;0.435508
11.090;0.432776
11.100;0.429849
11.110;0.426944
11.120;0.423845
11.130;0.420747
11.140;0.417648
11.150;0.41457
11.160;0.411011
11.170;0.410417
11.180;0.407278
11.190;0.404544
11.200;0.401597
11.210;0.398803
11.220;0.396413
11.230;0.393792
11.240;0.391535
11.250;0.38947
11.260;0.387366
11.270;0.385626
11.280;0.384058
11.290;0.382662
11.300;0.381419
11.310;0.38054
11.320;0.379833
11.330;0.379298
11.340;0.378916
11.350;0.378897
11.360;0.37905
11.370;0.379337
11.380;0.380197
11.390;0.381019
11.400;0.382203
11.410;0.38354
11.420;0.385279
11.430;0.386768
11.440;0.388831
11.450;0.390854
11.460;0.393261
11.470;0.395647
11.480;0.398225
11.490;0.400763
11.500;0.403907
11.510;0.404716
11.520;0.407658
11.530;0.410346
11.540;0.413632
11.550;0.416725
11.560;0.419818
11.570;0.422933
11.580;0.425833
11.590;0.428947
11.600;0.43189
11.610;0.43464
11.620;0.437434
11.630;0.43984
11.640;0.442269
11.650;0.444525
11.660;0.44661
11.670;0.448546
11.680;0.450093
11.690;0.451686
11.700;0.452912
11.710;0.453989
11.720;0.454427
11.730;0.457302
11.740;0.457692
11.750;0.457715
11.760;0.457566
11.770;0.457267
11.780;0.456625
11.790;0.455615
11.800;0.454434
11.810;0.45308
11.820;0.451576
11.830;0.449931
11.840;0.445942
11.850;0.443727
11.860;0.441317
11.870;0.438929
11.880;0.436369
11.890;0.433637
11.900;0.43071
11.910;0.427805
11.920;0.424706
11.930;0.421607
11.940;0.418509
11.950;0.41541
11.960;0.41229
11.970;0.409364
11.980;0.406194
11.990;0.405556
12.000;0.402782
12.010;0.4002
12.020;0.397618
12.030;0.394997
12.040;0.39274
12.050;0.390674
12.060;0.38857
12.070;0.38683
12.080;0.385262
12.090;0.383866
12.100;0.382643
12.110;0.381572
12.120;0.380865
12.130;0.38033
12.140;0.379948
12.150;0.379929
12.160;0.380063
12.170;0.38056
12.180;0.381229
12.190;0.382069
12.200;0.383082
12.210;0.384247
12.220;0.385794
12.230;0.387284
12.240;0.389366
12.250;0.391218
12.260;0.393452
12.270;0.395667
12.280;0.398053
12.290;0.400612
12.300;0.403361
12.310;0.406091
12.320;0.409258
12.330;0.409872
12.340;0.412773
12.350;0.415866
12.360;0.41898
12.370;0.42188
12.380;0.425016
12.390;0.427766
12.400;0.430516
12.410;0.433287
12.420;0.435887
12.430;0.438293
12.440;0.440722
12.450;0.442978
12.460;0.445085
12.470;0.446805
12.480;0.448546
12.490;0.450138
12.500;0.451365
12.510;0.452419
12.520;0.453324
12.530;0.453863
12.540;0.454229
12.550;0.454447
12.560;0.454297
12.570;0.453976
12.580;0.453505
12.590;0.452668
12.600;0.451658
12.610;0.450499
12.620;0.448972
12.630;0.447252
12.640;0.445575
12.650;0.443532
12.660;0.441295
12.670;0.439101
12.680;0.436519
12.690;0.433937
12.700;0.431399
12.710;0.428451
12.720;0.425718
12.730;0.422813
12.740;0.419693
12.750;0.416766
12.760;0.41384
12.770;0.410893
12.780;0.407914
12.790;0.407278
12.800;0.404503
12.810;0.401921
12.820;0.39932
12.830;0.39689
12.840;0.394633
12.850;0.392548
12.860;0.390635
12.870;0.388914
12.880;0.387155
12.890;0.385778
12.900;0.384363
12.910;0.383293
12.920;0.382605
12.930;0.381897
12.940;0.381343
12.950;0.381152
12.960;0.381133
12.970;0.381267
12.980;0.381764
12.990;0.382432
13.000;0.383273
13.010;0.384266
13.020;0.385622
13.030;0.38715
13.040;0.38887
13.050;0.39053
13.060;0.392765
13.070;0.394999
13.080;0.397194
13.090;0.399772
13.100;0.402571
13.110;0.403018
13.120;0.405767
13.130;0.408517
13.140;0.411246
13.150;0.414168
13.160;0.417069
13.170;0.420204
13.180;0.422933
13.190;0.425875
13.200;0.428625
13.210;0.431375
13.220;0.434168
13.230;0.436574
13.240;0.439003
13.250;0.441237
13.260;0.443516
13.270;0.445429
13.280;0.446903
13.290;0.450804
13.300;0.452202
13.310;0.453428
13.320;0.454505
13.330;0.455238
13.340;0.455582
13.350;0.455995
13.360;0.455823
13.370;0.455696
13.380;0.455203
13.390;0.454538
13.400;0.453723
13.410;0.452541
13.420;0.451187
13.430;0.449661
13.440;0.447985
13.450;0.446187
13.460;0.441811
13.470;0.439596
13.480;0.437186
13.490;0.434798
13.500;0.432238
13.510;0.429484
13.520;0.426751
13.530;0.423824
13.540;0.420898
13.550;0.417971
13.560;0.415045
13.570;0.412098
13.580;0.409343
13.590;0.406345
13.600;0.40588
13.610;0.403278
13.620;0.400889
13.630;0.398267
13.640;0.396029
13.650;0.393753
13.660;0.39186
13.670;0.389947
13.680;0.388187
13.690;0.386811
13.700;0.385396
13.710;0.384344
13.720;0.383465
13.730;0.382757
13.740;0.382203
13.750;0.382012
13.760;0.381993
13.770;0.382146
13.780;0.382452
13.790;0.38312
13.800;0.383942
13.810;0.385145
13.820;0.386329
13.830;0.387666
13.840;0.389385
13.850;0.391085
13.860;0.392937
13.870;0.395191
13.880;0.397214
13.890;0.3996
13.900;0.402198
13.910;0.404564
13.920;0.407558
13.930;0.408022
13.940;0.410559
13.950;0.413501
13.960;0.41623
13.970;0.419173
13.980;0.421922
13.990;0.424672
14.000;0.427443
14.010;0.430021
14.020;0.432621
14.030;0.435027
14.040;0.437478
14.050;0.43954
14.060;0.441625
14.070;0.443538
14.080;0.44528
14.090;0.446872
14.100;0.448075
14.110;0.449301
14.120;0.450378
14.130;0.451088
14.140;0.451627
14.150;0.452016
14.160;0.452039
14.170;0.451889
14.180;0.45159
14.190;0.450902
14.200;0.450259
14.210;0.449249
14.220;0.448067
14.230;0.446713
14.240;0.445209
14.250;0.443316
14.260;0.441445
14.270;0.439402
14.280;0.437186
14.290;0.434776
14.300;0.432388
14.310;0.429806
14.320;0.427224
14.330;0.424664
14.340;0.42191
14.350;0.419155
14.360;0.416401
14.370;0.413668
14.380;0.410474
14.390;0.410012
14.400;0.40743
14.410;0.404827
14.420;0.402418
14.430;0.399988
14.440;0.397731
14.450;0.395665
14.460;0.393561
14.470;0.39184
14.480;0.39008
14.490;0.388703
14.500;0.387288
14.510;0.386256
14.520;0.385204
14.530;0.384286
14.540;0.383962
14.550;0.383388
14.560;0.383388
14.570;0.383369
14.580;0.383502
14.590;0.383999
14.600;0.384649
14.610;0.38568
14.620;0.386693
14.630;0.387857
14.640;0.389405
14.650;0.390913
14.660;0.392784
14.670;0.394847
14.680;0.39689
14.690;0.399125
14.700;0.40156
14.710;0.401835
14.720;0.404413
14.730;0.406991
14.740;0.409548
14.750;0.412298
14.760;0.415048
14.770;0.417798
14.780;0.420548
14.790;0.423319
14.800;0.425897
14.810;0.428475
14.820;0.431074
14.830;0.433481
14.840;0.435909
14.850;0.438165
14.860;0.44025
14.870;0.442141
14.880;0.444076
14.890;0.445646
14.900;0.447044
14.910;0.448001
14.920;0.45141
14.930;0.452098
14.940;0.452831
14.950;0.453197
14.960;0.453392
14.970;0.453437
14.980;0.453116
14.990;0.452623
15.000;0.45198
15.010;0.450947
15.020;0.450208
15.030;0.446713
15.040;0.445187
15.050;0.443488
15.060;0.441617
15.070;0.439552
15.080;0.437508
15.090;0.435293
15.100;0.432905
15.110;0.430323
15.120;0.427741
15.130;0.42518
15.140;0.422426
15.150;0.419672
15.160;0.416918
15.170;0.414163
15.180;0.411368
15.190;0.408979
15.200;0.406153
15.210;0.40588
15.220;0.403258
15.230;0.401021
15.240;0.398783
15.250;0.396526
15.260;0.394421
15.270;0.3927
15.280;0.39094
15.290;0.389583
15.300;0.387976
15.310;0.386925
15.320;0.386065
15.330;0.385185
15.340;0.384458
15.350;0.384095
15.360;0.383885
15.370;0.384057
15.380;0.384171
15.390;0.384859
15.400;0.385528
15.410;0.386368
15.420;0.38738
15.430;0.388565
15.440;0.389921
15.450;0.391448
15.460;0.393148
15.470;0.395039
15.480;0.39689
15.490;0.399145
15.500;0.401167
15.510;0.403573
15.520;0.40596
15.530;0.408783
15.540;0.409053
15.550;0.411611
15.560;0.414361
15.570;0.41711
15.580;0.419881
15.590;0.422459
15.600;0.425037
15.610;0.427637
15.620;0.430043
15.630;0.432471
15.640;0.434705
15.650;0.436984
15.660;0.438875
15.670;0.440788
15.680;0.442507
15.690;0.44427
15.700;0.445668
15.710;0.446894
15.720;0.44797
15.730;0.448658
15.740;0.449369
15.750;0.44993
15.760;0.450124
15.770;0.450147
15.780;0.449997
15.790;0.449698
15.800;0.449032
15.810;0.448194
15.820;0.447185
15.830;0.446002
15.840;0.444648
15.850;0.443122
15.860;0.441401
15.870;0.439724
15.880;0.437659
15.890;0.435615
15.900;0.433399
15.910;0.43099
15.920;0.428601
15.930;0.42602
15.940;0.423438
15.950;0.420856
15.960;0.418274
15.970;0.415713
15.980;0.412938
15.990;0.410335
16.000;0.407701
16.010;0.407409
16.020;0.404979
16.030;0.402742
16.040;0.400484
16.050;0.398399
16.060;0.396506
16.070;0.394593
16.080;0.392853
16.090;0.391285
16.100;0.389888
16.110;0.388665
16.120;0.387613
16.130;0.386733
16.140;0.386026
16.150;0.385491
16.160;0.385108
16.170;0.385108
16.180;0.385069
16.190;0.385394
16.200;0.38591
16.210;0.386387
16.220;0.387208
16.230;0.388412
16.240;0.389577
16.250;0.391124
16.260;0.392652
16.270;0.394331
16.280;0.396394
16.290;0.398457
16.300;0.4005
16.310;0.402936
16.320;0.40325
16.330;0.405444
16.340;0.408063
16.350;0.410236
16.360;0.413006
16.370;0.415584
16.380;0.418141
16.390;0.420912
16.400;0.423512
16.410;0.425897
16.420;0.428496
16.430;0.430924
16.440;0.433158
16.450;0.435415
16.460;0.437499
16.470;0.43939
16.480;0.441303
16.490;0.443067
16.500;0.444442
16.510;0.445595
16.520;0.448957
16.530;0.450034
16.540;0.450744
16.550;0.451283
16.560;0.451672
16.570;0.451672
16.580;0.451717
16.590;0.451396
16.600;0.450902
16.610;0.450237
16.620;0.449421
16.630;0.448217
16.640;0.447057
16.650;0.445508
16.660;0.444249
16.670;0.44024
16.680;0.438175
16.690;0.43611
16.700;0.434088
16.710;0.431657
16.720;0.429462
16.730;0.426859
16.740;0.42447
16.750;0.421888
16.760;0.419306
16.770;0.416725
16.780;0.414163
16.790;0.411347
16.800;0.40913
16.810;0.406721
16.820;0.404291
16.830;0.401832
16.840;0.401689
16.850;0.399624
16.860;0.397519
16.870;0.395818
16.880;0.393866
16.890;0.392509
16.900;0.390921
16.910;0.389697
16.920;0.388645
16.930;0.387766
16.940;0.387058
16.950;0.386523
16.960;0.38614
16.970;0.38614
16.980;0.386101
16.990;0.386445
17.000;0.386751
17.010;0.387419
17.020;0.38826
17.030;0.389272
17.040;0.390456
17.050;0.391812
17.060;0.393359
17.070;0.394867
17.080;0.396758
17.090;0.398629
17.100;0.400692
17.110;0.402734
17.120;0.405191
17.130;0.405292
17.140;0.407719
17.150;0.409913
17.160;0.412511
17.170;0.414897
17.180;0.417475
17.190;0.420074
17.200;0.42248
17.210;0.424887
17.220;0.427314
17.230;0.429549
17.240;0.431805
17.250;0.433868
17.260;0.435952
17.270;0.437865
17.280;0.439606
17.290;0.441153
17.300;0.442745
17.310;0.443971
17.320;0.445002
17.330;0.446079
17.340;0.446767
17.350;0.447499
17.360;0.447866
17.370;0.448082
17.380;0.44791
17.390;0.447761
17.400;0.447461
17.410;0.446796
17.420;0.445935
17.430;0.44512
17.440;0.443938
17.450;0.442561
17.460;0.441229
17.470;0.439508
17.480;0.437809
17.490;0.435938
17.500;0.433894
17.510;0.431635
17.520;0.429613
17.530;0.427182
17.540;0.424965
17.550;0.422556
17.560;0.420146
17.570;0.417757
17.580;0.415155
17.590;0.412745
17.600;0.410089
17.610;0.409991
17.620;0.407561
17.630;0.405303
17.640;0.403258
17.650;0.40096
17.660;0.39926
17.670;0.397347
17.680;0.395606
17.690;0.394038
17.700;0.392661
17.710;0.391245
17.720;0.390194
17.730;0.389314
17.740;0.388626
17.750;0.387899
17.760;0.387535
17.770;0.387363
17.780;0.387153
17.790;0.387305
17.800;0.38763
17.810;0.388126
17.820;0.388795
17.830;0.389635
17.840;0.390628
17.850;0.392003
17.860;0.393359
17.870;0.394887
17.880;0.396606
17.890;0.398285
17.900;0.400368
17.910;0.40246
17.920;0.40239
17.930;0.404625
17.940;0.40686
17.950;0.409074
17.960;0.41148
17.970;0.413866
17.980;0.416464
17.990;0.418871
18.000;0.421277
18.010;0.423683
18.020;0.426111
18.030;0.428346
18.040;0.43058
18.050;0.432836
18.060;0.434921
18.070;0.436834
18.080;0.438553
18.090;0.440316
18.100;0.441691
18.110;0.443089
18.120;0.444071
18.130;0.447283
18.140;0.44797
18.150;0.448703
18.160;0.449047
18.170;0.449436
18.180;0.449458
18.190;0.449309
18.200;0.448987
18.210;0.448494
18.220;0.44785
18.230;0.446818
18.240;0.445808
18.250;0.444893
18.260;0.441207
18.270;0.439702
18.280;0.437809
18.290;0.435916
18.300;0.434044
18.310;0.432001
18.320;0.429763
18.330;0.427547
18.340;0.425138
18.350;0.422728
18.360;0.420318
18.370;0.417909
18.380;0.415499
18.390;0.413089
18.400;0.410659
18.410;0.408442
18.420;0.405768
18.430;0.405819
18.440;0.403754
18.450;0.401669
18.460;0.399776
18.470;0.397863
18.480;0.396142
18.490;0.394362
18.500;0.393177
18.510;0.391781
18.520;0.390538
18.530;0.389658
18.540;0.38897
18.550;0.388262
18.560;0.387707
18.570;0.387535
18.580;0.387325
18.590;0.387458
18.600;0.387974
18.610;0.38847
18.620;0.389139
18.630;0.389979
18.640;0.390991
18.650;0.392175
18.660;0.393551
18.670;0.394906
18.680;0.396434
18.690;0.398133
18.700;0.400024
18.710;0.401895
18.720;0.403958
18.730;0.40602
18.740;0.408287
18.750;0.408407
18.760;0.410621
18.770;0.413027
18.780;0.415433
18.790;0.417819
18.800;0.420439
18.810;0.422652
18.820;0.42508
18.830;0.427336
18.840;0.429398
18.850;0.431483
18.860;0.433374
18.870;0.435286
18.880;0.437005
18.890;0.438768
18.900;0.440144
18.910;0.441541
18.920;0.442789
18.930;0.443649
18.940;0.444531
18.950;0.445241
18.960;0.445779
18.970;0.446168
18.980;0.446168
18.990;0.446213
19.000;0.445869
19.010;0.445569
19.020;0.444903
19.030;0.444043
19.040;0.443227
19.050;0.442045
19.060;0.440668
19.070;0.439314
19.080;0.437787
19.090;0.436088
19.100;0.434195
19.110;0.432323
19.120;0.43028
19.130;0.428021
19.140;0.425977
19.150;0.423761
19.160;0.421351
19.170;0.41892
19.180;0.416704
19.190;0.414294
19.200;0.411864
19.210;0.40938
19.220;0.409454
19.230;0.407196
19.240;0.405111
19.250;0.403238
19.260;0.401133
19.270;0.399412
19.280;0.397671
19.290;0.396122
19.300;0.394534
19.310;0.39333
19.320;0.392106
19.330;0.391034
19.340;0.390346
19.350;0.389658
19.360;0.388931
19.370;0.388567
19.380;0.388376
19.390;0.388357
19.400;0.388509
19.410;0.388834
19.420;0.38933
19.430;0.390018
19.440;0.390647
19.450;0.391851
19.460;0.393054
19.470;0.394199
19.480;0.395938
19.490;0.397465
19.500;0.399164
19.510;0.401035
19.520;0.40334
19.530;0.403078
19.540;0.405333
19.550;0.407396
19.560;0.409438
19.570;0.411652
19.580;0.414079
19.590;0.416293
19.600;0.41872
19.610;0.420933
19.620;0.423361
19.630;0.425617
19.640;0.427658
19.650;0.429936
19.660;0.431826
19.670;0.433717
19.680;0.43563
19.690;0.437393
19.700;0.438747
19.710;0.440338
19.720;0.441541
19.730;0.442546
19.740;0.445541
19.750;0.446445
19.760;0.446983
19.770;0.44735
19.780;0.447544
19.790;0.447589
19.800;0.447245
19.810;0.446923
19.820;0.446429
19.830;0.445763
19.840;0.444948
19.850;0.443743
19.860;0.442805
19.870;0.439314
19.880;0.437765
19.890;0.436238
19.900;0.434539
19.910;0.432668
19.920;0.430602
19.930;0.428537
19.940;0.426493
19.950;0.424256
19.960;0.422039
19.970;0.419609
19.980;0.417392
19.990;0.414962
20.000;0.412724
20.010;0.410466
20.020;0.408421
20.030;0.406164
20.040;0.403856
20.050;0.404078
20.060;0.402185
20.070;0.400272
20.080;0.398531
20.090;0.396963
20.100;0.395606
20.110;0.393998
20.120;0.392966
20.130;0.391914
20.140;0.391034
20.150;0.390327
20.160;0.389791
20.170;0.389427
20.180;0.389236
20.190;0.389217
20.200;0.389369
20.210;0.389713
20.220;0.390018
20.230;0.390686
20.240;0.391527
20.250;0.392558
20.260;0.393551
20.270;0.394926
20.280;0.396282
20.290;0.397809
20.300;0.399528
20.310;0.401227
20.320;0.403118
20.330;0.404989
20.340;0.407052
20.350;0.40936
20.360;0.409094
20.370;0.411329
20.380;0.413543
20.390;0.41597
20.400;0.418204
20.410;0.420439
20.420;0.422694
20.430;0.424757
20.440;0.42682
20.450;0.428904
20.460;0.430817
20.470;0.432536
20.480;0.434255
20.490;0.436018
20.500;0.437393
20.510;0.43879
20.520;0.440016
20.530;0.441048
20.540;0.442124
20.550;0.442834
20.560;0.443349
20.570;0.44391
20.580;0.444104
20.590;0.444104
20.600;0.444148
20.610;0.443827
20.620;0.443333
20.630;0.442645
20.640;0.442001
20.650;0.440968
20.660;0.43998
20.670;0.438603
20.680;0.437249
20.690;0.435722
20.700;0.434001
20.710;0.432302
20.720;0.430409
20.730;0.428537
20.740;0.426472
20.750;0.424407
20.760;0.422363
20.770;0.420125
20.780;0.417867
20.790;0.415822
20.800;0.413585
20.810;0.411327
20.820;0.409036
20.830;0.409089
20.840;0.407004
20.850;0.405111
20.860;0.403218
20.870;0.401285
20.880;0.399756
20.890;0.397995
20.900;0.396619
20.910;0.395203
20.920;0.39417
20.930;0.393118
20.940;0.392258
20.950;0.391359
20.960;0.390823
20.970;0.390479
20.980;0.390096
20.990;0.390096
21.000;0.390076
21.010;0.390229
21.020;0.390534
21.030;0.391222
21.040;0.39189
21.050;0.39273
21.060;0.393742
21.070;0.394926
21.080;0.396301
21.090;0.397657
21.100;0.399184
21.110;0.400884
21.120;0.403016
21.130;0.402603
21.140;0.404473
21.150;0.406536
21.160;0.408619
21.170;0.410449
21.180;0.412896
21.190;0.414938
21.200;0.417173
21.210;0.419407
21.220;0.421663
21.230;0.423726
21.240;0.425789
21.250;0.427851
21.260;0.429936
21.270;0.431848
21.280;0.433567
21.290;0.435308
21.300;0.436877
21.310;0.438275
21.320;0.439478
21.330;0.440484
21.340;0.443477
21.350;0.444381
21.360;0.444897
21.370;0.445435
21.380;0.445824
21.390;0.445824
21.400;0.445846
21.410;0.445719
21.420;0.445203
21.430;0.444709
21.440;0.444043
21.450;0.443205
21.460;0.442195
21.470;0.441012
21.480;0.4399
21.490;0.436238
21.500;0.434517
21.510;0.432818
21.520;0.430925
21.530;0.429053
21.540;0.426988
21.550;0.424923
21.560;0.422879
21.570;0.420641
21.580;0.418404
21.590;0.416167
21.600;0.413908
21.610;0.411864
21.620;0.409585
21.630;0.407692
21.640;0.405596
21.650;0.405627
21.660;0.403714
21.670;0.401993
21.680;0.400252
21.690;0.398703
21.700;0.397115
21.710;0.39593
21.720;0.394514
21.730;0.393462
21.740;0.392602
21.750;0.391722
21.760;0.391015
21.770;0.39046
21.780;0.390288
21.790;0.390076
21.800;0.390248
21.810;0.390401
21.820;0.390706
21.830;0.391394
21.840;0.392062
21.850;0.392902
21.860;0.393914
21.870;0.395118
21.880;0.396301
21.890;0.397657
21.900;0.399204
21.910;0.400732
21.920;0.402451
21.930;0.40415
21.940;0.406041
21.950;0.408136
21.960;0.408104
21.970;0.409974
21.980;0.412016
21.990;0.414251
22.000;0.416485
22.010;0.418741
22.020;0.420782
22.030;0.423038
22.040;0.425122
22.050;0.427013
22.060;0.428904
22.070;0.430817
22.080;0.432557
22.090;0.434105
22.100;0.435674
22.110;0.437071
22.120;0.438275
22.130;0.439522
22.140;0.440382
22.150;0.441264
22.160;0.441974
22.170;0.442512
22.180;0.442878
22.190;0.443072
22.200;0.443094
22.210;0.442944
22.220;0.442622
22.230;0.442128
22.240;0.44144
22.250;0.440796
22.260;0.439786
22.270;0.438582
22.280;0.437399
22.290;0.436022
22.300;0.434689
22.310;0.432947
22.320;0.431441
22.330;0.429527
22.340;0.427849
22.350;0.425762
22.360;0.42389
22.370;0.421846
22.380;0.419588
22.390;0.417543
22.400;0.415285
22.410;0.413241
22.420;0.410736
22.430;0.410962
22.440;0.409069
22.450;0.407176
22.460;0.405263
22.470;0.403542
22.480;0.401801
22.490;0.400252
22.500;0.398664
22.510;0.397459
22.520;0.396255
22.530;0.395011
22.540;0.394151
22.550;0.393271
22.560;0.392563
22.570;0.392047
22.580;0.391511
22.590;0.391128
22.600;0.391128
22.610;0.391089
22.620;0.391433
22.630;0.391738
22.640;0.392426
22.650;0.393113
22.660;0.393742
22.670;0.394946
22.680;0.396149
22.690;0.397333
22.700;0.398689
22.710;0.400216
22.720;0.401935
22.730;0.403654
22.740;0.405576
22.750;0.405353
22.760;0.407244
22.770;0.409115
22.780;0.411177
22.790;0.41324
22.800;0.415303
22.810;0.417345
22.820;0.4196
22.830;0.421663
22.840;0.423747
22.850;0.425638
22.860;0.427529
22.870;0.429441
22.880;0.43116
22.890;0.432901
22.900;0.43447
22.910;0.435846
22.920;0.437243
22.930;0.438468
22.940;0.4395
22.950;0.440312
22.960;0.443349
22.970;0.443888
22.980;0.444232
22.990;0.44462
23.000;0.444642
23.010;0.444492
23.020;0.444148
23.030;0.443827
23.040;0.443355
23.050;0.442495
23.060;0.441656
23.070;0.440624
23.080;0.439636
23.090;0.438501
23.100;0.435012
23.110;0.433485
23.120;0.431764
23.130;0.430043
23.140;0.428344
23.150;0.426472
23.160;0.424407
23.170;0.422341
23.180;0.420276
23.190;0.418211
23.200;0.416146
23.210;0.41408
23.220;0.412015
23.230;0.409929
23.240;0.408036
23.250;0.4059
23.260;0.406539
23.270;0.402268
23.280;0.402853
23.290;0.401092
23.300;0.399716
23.310;0.398319
23.320;0.397095
23.330;0.396063
23.340;0.395011
23.350;0.394131
23.360;0.393423
23.370;0.392887
23.380;0.392543
23.390;0.39216
23.400;0.39216
23.410;0.392121
23.420;0.392465
23.430;0.392789
23.440;0.393285
23.450;0.393954
23.460;0.394794
23.470;0.395825
23.480;0.396837
23.490;0.398021
23.500;0.399396
23.510;0.400752
23.520;0.402279
23.530;0.403998
23.540;0.405717
23.550;0.407416
23.560;0.409552
23.570;0.409135
23.580;0.410985
23.590;0.41324
23.600;0.415303
23.610;0.417366
23.620;0.419449
23.630;0.42134
23.640;0.423231
23.650;0.425122
23.660;0.427034
23.670;0.428754
23.680;0.430494
23.690;0.432042
23.700;0.433611
23.710;0.435008
23.720;0.436211
23.730;0.437459
23.740;0.438318
23.750;0.439178
23.760;0.440082
23.770;0.440598
23.780;0.441158
23.790;0.44133
23.800;0.441524
23.810;0.441568
23.820;0.441224
23.830;0.440902
23.840;0.440408
23.850;0.43972
23.860;0.439076
23.870;0.438043
23.880;0.437033
23.890;0.43585
23.900;0.434474
23.910;0.433141
23.920;0.431398
23.930;0.429871
23.940;0.428171
23.950;0.426257
23.960;0.424558
23.970;0.422686
23.980;0.420599
23.990;0.418727
24.000;0.416641
24.010;0.414769
24.020;0.412683
24.030;0.410769
24.040;0.408844
24.050;0.409049
24.060;0.407328
24.070;0.405607
24.080;0.403866
24.090;0.402297
24.100;0.40092
24.110;0.399544
24.120;0.398127
24.130;0.397095
24.140;0.396043
24.150;0.395183
24.160;0.394283
24.170;0.393747
24.180;0.393403
24.190;0.39302
24.200;0.39302
24.210;0.393
24.220;0.393172
24.230;0.393305
24.240;0.393821
24.250;0.394297
24.260;0.395157
24.270;0.395997
24.280;0.397029
24.290;0.398021
24.300;0.399416
24.310;0.40056
24.320;0.40254
24.330;0.401763
24.340;0.403482
24.350;0.405201
24.360;0.4069
24.370;0.408812
24.380;0.41049
24.390;0.412552
24.400;0.414636
24.410;0.416506
24.420;0.418569
24.430;0.420653
24.440;0.422544
24.450;0.424435
24.460;0.426347
24.470;0.428066
24.480;0.429785
24.490;0.431526
24.500;0.433095
24.510;0.43447
24.520;0.435867
24.530;0.437093
24.540;0.437884
24.550;0.441092
24.560;0.44178
24.570;0.44249
24.580;0.443028
24.590;0.443394
24.600;0.443588
24.610;0.44361
24.620;0.44346
24.630;0.443138
24.640;0.442622
24.650;0.442128
24.660;0.441484
24.670;0.440452
24.680;0.439442
24.690;0.438501
24.700;0.43499
24.710;0.433635
24.720;0.432108
24.730;0.430387
24.740;0.428666
24.750;0.426967
24.760;0.425074
24.770;0.423202
24.780;0.421116
24.790;0.419244
24.800;0.417157
24.810;0.415285
24.820;0.413199
24.830;0.411306
24.840;0.409393
24.850;0.407672
24.860;0.405728
24.870;0.406123
24.880;0.404382
24.890;0.402833
24.900;0.401244
24.910;0.40006
24.920;0.398664
24.930;0.397419
24.940;0.396559
24.950;0.395699
24.960;0.394819
24.970;0.394091
24.980;0.393747
24.990;0.393384
25.000;0.393192
25.010;0.393172
25.020;0.393325
25.030;0.393669
25.040;0.393993
25.050;0.394469
25.060;0.395329
25.070;0.396169
25.080;0.397201
25.090;0.398193
25.100;0.399588
25.110;0.400772
25.120;0.402127
25.130;0.403674
25.140;0.405201
25.150;0.406921
25.160;0.408864
25.170;0.408468
25.180;0.410166
25.190;0.412057
25.200;0.413928
25.210;0.416011
25.220;0.417881
25.230;0.419965
25.240;0.421856
25.250;0.423747
25.260;0.425659
25.270;0.427378
25.280;0.429119
25.290;0.430666
25.300;0.432235
25.310;0.433632
25.320;0.434836
25.330;0.436061
25.340;0.437115
25.350;0.437975
25.360;0.438856
25.370;0.439588
25.380;0.439932
25.390;0.440276
25.400;0.440664
25.410;0.440686
25.420;0.440514
25.430;0.440364
25.440;0.440042
25.450;0.439548
25.460;0.438882
25.470;0.438043
25.480;0.437011
25.490;0.436001
25.500;0.434818
25.510;0.433441
25.520;0.432065
25.530;0.430731
25.540;0.428989
25.550;0.427462
25.560;0.425762
25.570;0.423848
25.580;0.422148
25.590;0.420276
25.600;0.41819
25.610;0.416297
25.620;0.414404
25.630;0.412511
25.640;0.410597
25.650;0.408652
25.660;0.409049
25.670;0.407307
25.680;0.405779
25.690;0.404018
25.700;0.402641
25.710;0.401244
25.720;0.40004
25.730;0.398816
25.740;0.397763
25.750;0.396883
25.760;0.396195
25.770;0.395507
25.780;0.394779
25.790;0.394435
25.800;0.394052
25.810;0.394052
25.820;0.394032
25.830;0.394204
25.840;0.394317
25.850;0.395025
25.860;0.395521
25.870;0.396189
25.880;0.397029
25.890;0.398041
25.900;0.399244
25.910;0.400428
25.920;0.401803
25.930;0.40338
25.940;0.402573
25.950;0.406669
25.960;0.405869
25.970;0.4078
25.980;0.409307
25.990;0.411198
26.000;0.413089
26.010;0.41498
26.020;0.416871
26.030;0.418762
26.040;0.420653
26.050;0.422565
26.060;0.424284
26.070;0.426003
26.080;0.427744
26.090;0.429291
26.100;0.430838
26.110;0.432429
26.120;0.433611
26.130;0.435029
26.140;0.436061
26.150;0.437115
26.160;0.437996
26.170;0.438684
26.180;0.439416
26.190;0.43976
26.200;0.440148
26.210;0.440148
26.220;0.44017
26.230;0.44002
26.240;0.439698
26.250;0.439204
26.260;0.438516
26.270;0.437849
26.280;0.437011
26.290;0.435979
26.300;0.43499
26.310;0.433613
26.320;0.432237
26.330;0.430882
26.340;0.429333
26.350;0.427806
26.360;0.426085
26.370;0.424385
26.380;0.422471
26.390;0.420771
26.400;0.418878
26.410;0.416985
26.420;0.415092
26.430;0.413199
26.440;0.411286
26.450;0.409544
26.460;0.408016
26.470;0.406051
26.480;0.406863
26.490;0.402764
26.500;0.403481
26.510;0.402297
26.520;0.4009
26.530;0.399676
26.540;0.398644
26.550;0.397572
26.560;0.396883
26.570;0.396175
26.580;0.39564
26.590;0.395296
26.600;0.394912
26.610;0.394912
26.620;0.394892
26.630;0.395044
26.640;0.395388
26.650;0.395693
26.660;0.396381
26.670;0.397069
26.680;0.397717
26.690;0.398748
26.700;0.39976
26.710;0.400964
26.720;0.402147
26.730;0.403502
26.740;0.40505
26.750;0.406597
26.760;0.408124
26.770;0.410089
26.780;0.409499
26.790;0.411198
26.800;0.413089
26.810;0.41498
26.820;0.416871
26.830;0.418783
26.840;0.420502
26.850;0.422221
26.860;0.42394
26.870;0.42568
26.880;0.427228
26.890;0.428775
26.900;0.430365
26.910;0.431547
26.920;0.432944
26.930;0.43417
26.940;0.435201
26.950;0.436277
26.960;0.436965
26.970;0.437652
26.980;0.438384
26.990;0.438728
27.000;0.439094
27.010;0.439288
27.020;0.43931
27.030;0.43916
27.040;0.438816
27.050;0.438494
27.060;0.438
27.070;0.437333
27.080;0.436495
27.090;0.435463
27.100;0.43443
27.110;0.433441
27.120;0.432065
27.130;0.430688
27.140;0.429333
27.150;0.427806
27.160;0.426064
27.170;0.424536
27.180;0.422815
27.190;0.421116
27.200;0.419202
27.210;0.417481
27.220;0.415781
27.230;0.413867
27.240;0.412146
27.250;0.410425
27.260;0.408459
27.270;0.409028
27.280;0.407479
27.290;0.40591
27.300;0.404534
27.310;0.403137
27.320;0.401933
27.330;0.400708
27.340;0.399676
27.350;0.398624
27.360;0.397744
27.370;0.397036
27.380;0.3965
27.390;0.396156
27.400;0.395792
27.410;0.3956
27.420;0.3956
27.430;0.39556
27.440;0.395904
27.450;0.396248
27.460;0.396553
27.470;0.397241
27.480;0.397889
27.490;0.39892
27.500;0.399952
27.510;0.400964
27.520;0.402388
27.530;0.401459
27.540;0.402815
27.550;0.404382
27.560;0.405717
27.570;0.407457
27.580;0.408984
27.590;0.410682
27.600;0.412594
27.610;0.414292
27.620;0.416204
27.630;0.417923
27.640;0.419621
27.650;0.421533
27.660;0.423252
27.670;0.424993
27.680;0.42654
27.690;0.428087
27.700;0.429656
27.710;0.431032
27.720;0.432429
27.730;0.433632
27.740;0.434858
27.750;0.435911
27.760;0.436793
27.770;0.437481
27.780;0.437949
27.790;0.44062
27.800;0.440986
27.810;0.441158
27.820;0.441374
27.830;0.441202
27.840;0.441052
27.850;0.44073
27.860;0.440214
27.870;0.439742
27.880;0.438882
27.890;0.438065
27.900;0.437101
27.910;0.433764
27.920;0.432581
27.930;0.431226
27.940;0.429677
27.950;0.428129
27.960;0.426601
27.970;0.42488
27.980;0.42316
27.990;0.42146
28.000;0.419546
28.010;0.417846
28.020;0.415932
28.030;0.414211
28.040;0.412511
28.050;0.410556
28.060;0.409221
28.070;0.407479
28.080;0.405707
28.090;0.406498
28.100;0.402571
28.110;0.403481
28.120;0.402297
28.130;0.40088
28.140;0.399828
28.150;0.398988
28.160;0.397916
28.170;0.397208
28.180;0.396692
28.190;0.396156
28.200;0.395792
28.210;0.3956
28.220;0.3956
28.230;0.39556
28.240;0.395904
28.250;0.396248
28.260;0.396553
28.270;0.397241
28.280;0.397889
28.290;0.39894
28.300;0.39978
28.310;0.400772
28.320;0.402167
28.330;0.403371
28.340;0.404534
28.350;0.406102
28.360;0.407681
28.370;0.407113
28.380;0.40866
28.390;0.410187
28.400;0.411906
28.410;0.413625
28.420;0.415324
28.430;0.417235
28.440;0.418955
28.450;0.420674
28.460;0.422393
28.470;0.424112
28.480;0.425852
28.490;0.427421
28.500;0.428796
28.510;0.430172
28.520;0.431569
28.530;0.432794
28.540;0.433826
28.550;0.434879
28.560;0.435761
28.570;0.436449
28.580;0.437158
28.590;0.437696
28.600;0.438062
28.610;0.438234
28.620;0.438428
28.630;0.43845
28.640;0.4383
28.650;0.437978
28.660;0.437462
28.670;0.436967
28.680;0.436301
28.690;0.435441
28.700;0.434602
28.710;0.433592
28.720;0.432387
28.730;0.431204
28.740;0.429828
28.750;0.428473
28.760;0.426924
28.770;0.425375
28.780;0.423827
28.790;0.422299
28.800;0.420578
28.810;0.418857
28.820;0.417157
28.830;0.415244
28.840;0.413523
28.850;0.411781
28.860;0.410233
28.870;0.408459
28.880;0.409028
28.890;0.407459
28.900;0.406082
28.910;0.404686
28.920;0.403481
28.930;0.402277
28.940;0.401032
28.950;0.400172
28.960;0.399292
28.970;0.398604
28.980;0.397896
28.990;0.39736
29.000;0.397016
29.010;0.396652
29.020;0.39646
29.030;0.39646
29.040;0.39642
29.050;0.396764
29.060;0.397108
29.070;0.397413
29.080;0.39808
29.090;0.39896
29.100;0.399608
29.110;0.40064
29.120;0.401651
29.130;0.403077
29.140;0.401906
29.150;0.405829
29.160;0.404878
29.170;0.406425
29.180;0.407972
29.190;0.40952
29.200;0.411046
29.210;0.412766
29.220;0.414485
29.230;0.416204
29.240;0.417923
29.250;0.419642
29.260;0.421382
29.270;0.42293
29.280;0.424477
29.290;0.426024
29.300;0.427593
29.310;0.428968
29.320;0.430365
29.330;0.431569
29.340;0.432794
29.350;0.433826
29.360;0.434879
29.370;0.435761
29.380;0.436471
29.390;0.436986
29.400;0.437524
29.410;0.43789
29.420;0.438084
29.430;0.438106
29.440;0.437956
29.450;0.437612
29.460;0.43729
29.470;0.436795
29.480;0.436107
29.490;0.435441
29.500;0.434602
29.510;0.43357
29.520;0.432559
29.530;0.431377
29.540;0.43
29.550;0.428623
29.560;0.427268
29.570;0.42572
29.580;0.424192
29.590;0.42245
29.600;0.420922
29.610;0.419202
29.620;0.417481
29.630;0.41576
29.640;0.414018
29.650;0.41249
29.660;0.410749
29.670;0.40918
29.680;0.407824
29.690;0.406031
29.700;0.406771
29.710;0.405374
29.720;0.404169
29.730;0.402965
29.740;0.40172
29.750;0.40086
29.760;0.4
29.770;0.39912
29.780;0.398412
29.790;0.397876
29.800;0.397512
29.810;0.39734
29.820;0.397148
29.830;0.397148
29.840;0.397128
29.850;0.39728
29.860;0.397604
29.870;0.3981
29.880;0.398788
29.890;0.399456
29.900;0.400316
29.910;0.401156
29.920;0.402167
29.930;0.403391
29.940;0.404382
29.950;0.405758
29.960;0.407133
29.970;0.408488
29.980;0.410282
29.990;0.40952
30.000;0.411026
30.010;0.412958
30.020;0.414485
30.030;0.416204
30.040;0.417944
30.050;0.419491
30.060;0.421039
30.070;0.422586
30.080;0.424133
30.090;0.425702
30.100;0.427077
30.110;0.428474
30.120;0.429678
30.130;0.430881
30.140;0.432128
30.150;0.432966
30.160;0.434041
30.170;0.434729
30.180;0.435439
30.190;0.435955
30.200;0.436492
30.210;0.436858
30.220;0.437052
30.230;0.437052
30.240;0.437096
30.250;0.436752
30.260;0.436408
30.270;0.436107
30.280;0.435419
30.290;0.434753
30.300;0.433892
30.310;0.433054
30.320;0.432022
30.330;0.431011
30.340;0.429828
30.350;0.428451
30.360;0.427075
30.370;0.42572
30.380;0.424171
30.390;0.422622
30.400;0.421073
30.410;0.419546
30.420;0.417804
30.430;0.416276
30.440;0.414535
30.450;0.413007
30.460;0.411244
30.470;0.409888
30.480;0.408095
30.490;0.408836
30.500;0.407459
30.510;0.406062
30.520;0.404858
30.530;0.403633
30.540;0.402601
30.550;0.401548
30.560;0.400688
30.570;0.399808
30.580;0.3991
30.590;0.398584
30.600;0.398048
30.610;0.397684
30.620;0.397492
30.630;0.397492
30.640;0.397472
30.650;0.397644
30.660;0.397776
30.670;0.398292
30.680;0.398788
30.690;0.399476
30.700;0.400144
30.710;0.400984
30.720;0.401995
30.730;0.403441
30.740;0.402098
30.750;0.405829
30.760;0.404898
30.770;0.406273
30.780;0.407649
30.790;0.409004
30.800;0.410531
30.810;0.41227
30.820;0.413797
30.830;0.415537
30.840;0.417063
30.850;0.418804
30.860;0.42033
30.870;0.42207
30.880;0.423617
30.890;0.425186
30.900;0.426561
30.910;0.427937
30.920;0.429334
30.930;0.430537
30.940;0.431762
30.950;0.432794
30.960;0.433848
30.970;0.434729
30.980;0.435439
30.990;0.435955
31.000;0.436492
31.010;0.436836
31.020;0.437224
31.030;0.436962
31.040;0.43931
31.050;0.439402
31.060;0.436946
31.070;0.436429
31.080;0.435935
31.090;0.435247
31.100;0.434602
31.110;0.43357
31.120;0.432538
31.130;0.431527
31.140;0.430344
31.150;0.428968
31.160;0.427591
31.170;0.426236
31.180;0.424687
31.190;0.423138
31.200;0.42159
31.210;0.420062
31.220;0.41832
31.230;0.416792
31.240;0.415051
31.250;0.413523
31.260;0.411781
31.270;0.410212
31.280;0.408836
31.290;0.407479
31.300;0.40589
31.310;0.404706
31.320;0.403067
31.330;0.404169
31.340;0.402945
31.350;0.401892
31.360;0.401032
31.370;0.400152
31.380;0.399444
31.390;0.398928
31.400;0.398392
31.410;0.398048
31.420;0.397664
31.430;0.397664
31.440;0.397644
31.450;0.397816
31.460;0.397948
31.470;0.398464
31.480;0.39896
31.490;0.399648
31.500;0.400316
31.510;0.401156
31.520;0.402207
31.530;0.403027
31.540;0.404231
31.550;0.405434
31.560;0.406861
31.570;0.405909
31.580;0.407477
31.590;0.408852
31.600;0.410207
31.610;0.411755
31.620;0.413281
31.630;0.415021
31.640;0.416569
31.650;0.418095
31.660;0.419835
31.670;0.421382
31.680;0.422951
31.690;0.424305
31.700;0.425874
31.710;0.42727
31.720;0.428474
31.730;0.429678
31.740;0.430903
31.750;0.431934
31.760;0.433009
31.770;0.433676
31.780;0.434579
31.790;0.435095
31.800;0.435632
31.810;0.435976
31.820;0.436342
31.830;0.436536
31.840;0.436558
31.850;0.436386
31.860;0.436236
31.870;0.435913
31.880;0.435397
31.890;0.434903
31.900;0.434237
31.910;0.433376
31.920;0.432538
31.930;0.431527
31.940;0.430301
31.950;0.429312
31.960;0.427914
31.970;0.426731
31.980;0.425375
31.990;0.423827
32.000;0.422257
32.010;0.420922
32.020;0.419181
32.030;0.417632
32.040;0.416083
32.050;0.414535
32.060;0.413007
32.070;0.411244
32.080;0.409868
32.090;0.408246
32.100;0.40918
32.110;0.407783
32.120;0.406578
32.130;0.405374
32.140;0.404129
32.150;0.403289
32.160;0.402237
32.170;0.401356
32.180;0.400668
32.190;0.39996
32.200;0.399424
32.210;0.39908
32.220;0.398716
32.230;0.398544
32.240;0.398332
32.250;0.398504
32.260;0.398676
32.270;0.398808
32.280;0.399324
32.290;0.39984
32.300;0.400336
32.310;0.400984
32.320;0.402035
32.330;0.402875
32.340;0.404109
32.350;0.403199
32.360;0.404402
32.370;0.405586
32.380;0.406961
32.390;0.408337
32.400;0.409712
32.410;0.411067
32.420;0.412614
32.430;0.414162
32.440;0.415709
32.450;0.417256
32.460;0.418804
32.470;0.420351
32.480;0.421898
32.490;0.423467
32.500;0.424842
32.510;0.426218
32.520;0.427614
32.530;0.428818
32.540;0.430043
32.550;0.431075
32.560;0.432106
32.570;0.433181
32.580;0.433869
32.590;0.434579
32.600;0.435095
32.610;0.435632
32.620;0.435998
32.630;0.436192
32.640;0.436192
32.650;0.436214
32.660;0.436064
32.670;0.435741
32.680;0.435225
32.690;0.434731
32.700;0.434043
32.710;0.433376
32.720;0.432538
32.730;0.431505
32.740;0.430495
32.750;0.42929
32.760;0.428107
32.770;0.426731
32.780;0.425354
32.790;0.423999
32.800;0.42245
32.810;0.42088
32.820;0.419525
32.830;0.417976
32.840;0.416448
32.850;0.414686
32.860;0.41333
32.870;0.411781
32.880;0.410192
32.890;0.409008
32.900;0.407631
32.910;0.406234
32.920;0.404807
32.930;0.405941
32.940;0.402359
32.950;0.403613
32.960;0.402753
32.970;0.401892
32.980;0.400992
32.990;0.400476
33.000;0.39994
33.010;0.399596
33.020;0.399232
33.030;0.39904
33.040;0.39904
33.050;0.39902
33.060;0.399172
33.070;0.399516
33.080;0.39986
33.090;0.400164
33.100;0.400852
33.110;0.40152
33.120;0.402379
33.130;0.403219
33.140;0.404251
33.150;0.405262
33.160;0.406689
33.170;0.405535
33.180;0.409249
33.190;0.408529
33.200;0.409712
33.210;0.411046
33.220;0.412807
33.230;0.414162
33.240;0.415709
33.250;0.417256
33.260;0.418824
33.270;0.420179
33.280;0.421747
33.290;0.423123
33.300;0.424519
33.310;0.425702
33.320;0.427099
33.330;0.428324
33.340;0.429355
33.350;0.430387
33.360;0.43144
33.370;0.432322
33.380;0.433009
33.390;0.433719
33.400;0.434257
33.410;0.434601
33.420;0.434966
33.430;0.435138
33.440;0.435332
33.450;0.435354
33.460;0.435204
33.470;0.434859
33.480;0.434537
33.490;0.434021
33.500;0.433527
33.510;0.43286
33.520;0.432
33.530;0.431161
33.540;0.430129
33.550;0.429118
33.560;0.427914
33.570;0.426731
33.580;0.425354
33.590;0.423978
33.600;0.422601
33.610;0.421246
33.620;0.419676
33.630;0.41832
33.640;0.416751
33.650;0.415395
33.660;0.413846
33.670;0.412277
33.680;0.4109
33.690;0.409524
33.700;0.407902
33.710;0.408815
33.720;0.407611
33.730;0.406406
33.740;0.405161
33.750;0.404321
33.760;0.403269
33.770;0.402409
33.780;0.401508
33.790;0.401012
33.800;0.400284
33.810;0.39994
33.820;0.399576
33.830;0.399404
33.840;0.399212
33.850;0.399192
33.860;0.399364
33.870;0.399516
33.880;0.39986
33.890;0.400184
33.900;0.40068
33.910;0.401348
33.920;0.402207
33.930;0.403047
33.940;0.404301
33.950;0.402997
33.960;0.406345
33.970;0.405434
33.980;0.406617
33.990;0.408013
34.000;0.409196
34.010;0.410551
34.020;0.412119
34.030;0.413474
34.040;0.415021
34.050;0.416569
34.060;0.418116
34.070;0.419684
34.080;0.42106
34.090;0.422414
34.100;0.423982
34.110;0.425379
34.120;0.426583
34.130;0.427786
34.140;0.429011
34.150;0.430043
34.160;0.431096
34.170;0.431956
34.180;0.432837
34.190;0.433547
34.200;0.434063
34.210;0.43434
34.220;0.43703
34.230;0.437202
34.240;0.437396
34.250;0.437396
34.260;0.43744
34.270;0.437336
34.280;0.434881
34.290;0.434365
34.300;0.433871
34.310;0.433204
34.320;0.432344
34.330;0.431505
34.340;0.430473
34.350;0.429462
34.360;0.428258
34.370;0.427075
34.380;0.425698
34.390;0.424322
34.400;0.422945
34.410;0.42159
34.420;0.42002
34.430;0.418664
34.440;0.417116
34.450;0.415546
34.460;0.41419
34.470;0.412642
34.480;0.411052
34.490;0.409868
34.500;0.408471
34.510;0.407287
34.520;0.40587
34.530;0.404615
34.540;0.405941
34.550;0.402359
34.560;0.403613
34.570;0.402733
34.580;0.402065
34.590;0.401164
34.600;0.400628
34.610;0.400284
34.620;0.39994
34.630;0.399556
34.640;0.399556
34.650;0.399556
34.660;0.399516
34.670;0.39988
34.680;0.400012
34.690;0.400528
34.700;0.401024
34.710;0.401712
34.720;0.402379
34.730;0.403239
34.740;0.404079
34.750;0.40511
34.760;0.406142
34.770;0.407153
34.780;0.408582
34.790;0.407669
34.800;0.408852
34.810;0.410228
34.820;0.411583
34.830;0.413151
34.840;0.414505
34.850;0.416074
34.860;0.417428
34.870;0.418996
34.880;0.420372
34.890;0.421747
34.900;0.423123
34.910;0.424519
34.920;0.425723
34.930;0.426927
34.940;0.428152
34.950;0.429183
34.960;0.430236
34.970;0.431118
34.980;0.431784
34.990;0.432687
35.000;0.433203
35.010;0.433741
35.020;0.434085
35.030;0.43445
35.040;0.434644
35.050;0.434644
35.060;0.434666
35.070;0.434515
35.080;0.434171
35.090;0.433849
35.100;0.433333
35.110;0.432839
35.120;0.432172
35.130;0.431312
35.140;0.430473
35.150;0.429441
35.160;0.428409
35.170;0.427398
35.180;0.426214
35.190;0.424817
35.200;0.423633
35.210;0.422257
35.220;0.420901
35.230;0.419332
35.240;0.417955
35.250;0.416599
35.260;0.41503
35.270;0.413674
35.280;0.412105
35.290;0.410708
35.300;0.409278
35.310;0.410192
35.320;0.408987
35.330;0.407762
35.340;0.40673
35.350;0.405698
35.360;0.404645
35.370;0.403765
35.380;0.403077
35.390;0.402388
35.400;0.40168
35.410;0.401164
35.420;0.400608
35.430;0.400456
35.440;0.400072
35.450;0.400072
35.460;0.400052
35.470;0.400224
35.480;0.400376
35.490;0.40072
35.500;0.401024
35.510;0.401712
35.520;0.4024
35.530;0.403067
35.540;0.404149
35.550;0.402654
35.560;0.406022
35.570;0.404918
35.580;0.406122
35.590;0.407325
35.600;0.408529
35.610;0.409712
35.620;0.411088
35.630;0.412463
35.640;0.413818
35.650;0.415386
35.660;0.41674
35.670;0.418309
35.680;0.419684
35.690;0.42106
35.700;0.422435
35.710;0.423832
35.720;0.425035
35.730;0.426239
35.740;0.427464
35.750;0.428495
35.760;0.429527
35.770;0.43058
35.780;0.431462
35.790;0.43215
35.800;0.432859
35.810;0.433397
35.820;0.433741
35.830;0.434106
35.840;0.434278
35.850;0.434472
35.860;0.434494
35.870;0.434343
35.880;0.433999
35.890;0.433655
35.900;0.433355
35.910;0.432667
35.920;0.431978
35.930;0.431312
35.940;0.430473
35.950;0.429441
35.960;0.428409
35.970;0.427398
35.980;0.426193
35.990;0.42501
36.000;0.423633
36.010;0.422257
36.020;0.42088
36.030;0.419504
36.040;0.418127
36.050;0.416751
36.060;0.415374
36.070;0.413998
36.080;0.412642
36.090;0.411052
36.100;0.409847
36.110;0.408643
36.120;0.407439
36.130;0.406214
36.140;0.404939
36.150;0.406437
36.160;0.403047
36.170;0.404301
36.180;0.403401
36.190;0.402905
36.200;0.402196
36.210;0.40168
36.220;0.401124
36.230;0.400952
36.240;0.40078
36.250;0.400568
36.260;0.40076
36.270;0.40074
36.280;0.400892
36.290;0.401216
36.300;0.401732
36.310;0.402228
36.320;0.402915
36.330;0.403603
36.340;0.404251
36.350;0.405282
36.360;0.406314
36.370;0.407346
36.380;0.408357
36.390;0.409765
36.400;0.409065
36.410;0.410076
36.420;0.411239
36.430;0.412828
36.440;0.41401
36.450;0.415386
36.460;0.416761
36.470;0.418137
36.480;0.419512
36.490;0.420888
36.500;0.422284
36.510;0.423488
36.520;0.424691
36.530;0.425895
36.540;0.42712
36.550;0.428173
36.560;0.429033
36.570;0.429893
36.580;0.430774
36.590;0.431462
36.600;0.432171
36.610;0.432687
36.620;0.433225
36.630;0.43359
36.640;0.433784
36.650;0.433762
36.660;0.433978
36.670;0.433806
36.680;0.433655
36.690;0.433333
36.700;0.432817
36.710;0.432301
36.720;0.431806
36.730;0.43114
36.740;0.43028
36.750;0.429441
36.760;0.428409
36.770;0.427376
36.780;0.426365
36.790;0.425161
36.800;0.423956
36.810;0.422773
36.820;0.421397
36.830;0.419999
36.840;0.418816
36.850;0.417439
36.860;0.416062
36.870;0.414686
36.880;0.413309
36.890;0.411933
36.900;0.410536
36.910;0.409331
36.920;0.408106
36.930;0.407094
36.940;0.405647
36.950;0.40671
36.960;0.40587
36.970;0.404797
36.980;0.404109
36.990;0.403421
37.000;0.402712
37.010;0.402196
37.020;0.40166
37.030;0.401296
37.040;0.401124
37.050;0.400932
37.060;0.400932
37.070;0.400912
37.080;0.401064
37.090;0.401408
37.100;0.401732
37.110;0.402228
37.120;0.402915
37.130;0.403825
37.140;0.402379
37.150;0.402997
37.160;0.406386
37.170;0.40511
37.180;0.406122
37.190;0.407325
37.200;0.408529
37.210;0.409733
37.220;0.410916
37.230;0.412291
37.240;0.413667
37.250;0.415042
37.260;0.416417
37.270;0.417793
37.280;0.419168
37.290;0.420544
37.300;0.421919
37.310;0.423316
37.320;0.424519
37.330;0.425723
37.340;0.426948
37.350;0.42798
37.360;0.429033
37.370;0.429893
37.380;0.430752
37.390;0.431655
37.400;0.43215
37.410;0.432859
37.420;0.433397
37.430;0.433762
37.440;0.433934
37.450;0.434128
37.460;0.434128
37.470;0.43415
37.480;0.433999
37.490;0.433655
37.500;0.433333
37.510;0.432839
37.520;0.43215
37.530;0.431462
37.540;0.430817
37.550;0.429763
37.560;0.428925
37.570;0.427914
37.580;0.426688
37.590;0.425677
37.600;0.424494
37.610;0.423096
37.620;0.421913
37.630;0.420536
37.640;0.41916
37.650;0.417783
37.660;0.416407
37.670;0.415009
37.680;0.413826
37.690;0.412449
37.700;0.411052
37.710;0.409827
37.720;0.408815
37.730;0.407611
37.740;0.406366
37.750;0.405303
37.760;0.406366
37.770;0.405729
37.780;0.402511
37.790;0.403937
37.800;0.403228
37.810;0.402692
37.820;0.402368
37.830;0.401812
37.840;0.40164
37.850;0.401448
37.860;0.401448
37.870;0.401428
37.880;0.40158
37.890;0.401924
37.900;0.402248
37.910;0.402764
37.920;0.403259
37.930;0.403947
37.940;0.404615
37.950;0.405475
37.960;0.406334
37.970;0.407418
37.980;0.406122
37.990;0.407346
38.000;0.408357
38.010;0.409581
38.020;0.410572
38.030;0.411947
38.040;0.413343
38.050;0.414526
38.060;0.415902
38.070;0.417277
38.080;0.418653
38.090;0.420049
38.100;0.421253
38.110;0.422435
38.120;0.423853
38.130;0.424863
38.140;0.426088
38.150;0.42712
38.160;0.428173
38.170;0.429033
38.180;0.429914
38.190;0.430602
38.200;0.43129
38.210;0.432021
38.220;0.432343
38.230;0.432902
38.240;0.433074
38.250;0.433246
38.260;0.43344
38.270;0.433462
38.280;0.43329
38.290;0.433139
38.300;0.432817
38.310;0.432301
38.320;0.431785
38.330;0.43129
38.340;0.430624
38.350;0.429763
38.360;0.428903
38.370;0.428064
38.380;0.427032
38.390;0.426021
38.400;0.424817
38.410;0.423612
38.420;0.422429
38.430;0.421031
38.440;0.419848
38.450;0.418471
38.460;0.417074
38.470;0.41589
38.480;0.414514
38.490;0.413117
38.500;0.411933
38.510;0.410515
38.520;0.409483
38.530;0.408226
38.540;0.409331
38.550;0.408086
38.560;0.407226
38.570;0.406366
38.580;0.405505
38.590;0.404605
38.600;0.404109
38.610;0.40338
38.620;0.403056
38.630;0.40252
38.640;0.402156
38.650;0.401984
38.660;0.401792
38.670;0.401772
38.680;0.401944
38.690;0.402096
38.700;0.40244
38.710;0.402764
38.720;0.40328
38.730;0.404018
38.740;0.402158
38.750;0.405131
38.760;0.406214
38.770;0.404959
38.780;0.405778
38.790;0.407002
38.800;0.408034
38.810;0.409045
38.820;0.410248
38.830;0.411431
38.840;0.412828
38.850;0.41401
38.860;0.415386
38.870;0.416782
38.880;0.417965
38.890;0.419361
38.900;0.420544
38.910;0.42194
38.920;0.423144
38.930;0.424347
38.940;0.425572
38.950;0.426604
38.960;0.427657
38.970;0.428517
38.980;0.429377
38.990;0.430258
39.000;0.430967
39.010;0.431483
39.020;0.431999
39.030;0.432558
39.040;0.432709
39.050;0.433096
39.060;0.433096
39.070;0.433118
39.080;0.432946
39.090;0.432795
39.100;0.432451
39.110;0.432129
39.120;0.431613
39.130;0.431118
39.140;0.430452
39.150;0.429591
39.160;0.428753
39.170;0.42772
39.180;0.426688
39.190;0.425656
39.200;0.424645
39.210;0.42344
39.220;0.422236
39.230;0.421052
39.240;0.419655
39.250;0.418471
39.260;0.417074
39.270;0.41589
39.280;0.414493
39.290;0.413309
39.300;0.411912
39.310;0.410708
39.320;0.409483
39.330;0.408451
39.340;0.407418
39.350;0.406366
39.360;0.405505
39.370;0.404423
39.380;0.405901
39.390;0.402663
39.400;0.404281
39.410;0.403552
39.420;0.403208
39.430;0.402864
39.440;0.4025
39.450;0.402328
39.460;0.402136
39.470;0.402116
39.480;0.402288
39.490;0.40246
39.500;0.402612
39.510;0.402936
39.520;0.403451
39.530;0.403947
39.540;0.404635
39.550;0.405303
39.560;0.406162
39.570;0.407246
39.580;0.405747
39.590;0.409098
39.600;0.408226
39.610;0.409045
39.620;0.410248
39.630;0.411431
39.640;0.412828
39.650;0.414031
39.660;0.415235
39.670;0.416417
39.680;0.417814
39.690;0.419017
39.700;0.420221
39.710;0.421425
39.720;0.422649
39.730;0.42366
39.740;0.424885
39.750;0.425916
39.760;0.426969
39.770;0.427829
39.780;0.42871
39.790;0.429398
39.800;0.430086
39.810;0.430795
39.820;0.431333
39.830;0.431677
39.840;0.432042
39.850;0.432214
39.860;0.432386
39.870;0.432602
39.880;0.43243
39.890;0.432258
39.900;0.432107
39.910;0.431785
39.920;0.431269
39.930;0.430774
39.940;0.430086
39.950;0.429398
39.960;0.428753
39.970;0.427699
39.980;0.42686
39.990;0.425828
40.000;0.424795
40.010;0.423784
40.020;0.42258
40.030;0.421375
40.040;0.420171
40.050;0.418988
40.060;0.41759
40.070;0.416407
40.080;0.415009
40.090;0.413805
40.100;0.412621
40.110;0.411203
40.120;0.410171
40.130;0.409159
40.140;0.40769
40.150;0.409212
40.160;0.405606
40.170;0.407054
40.180;0.406194
40.190;0.405313
40.200;0.404625
40.210;0.403917
40.220;0.40338
40.230;0.403036
40.240;0.402672
40.250;0.4025
40.260;0.402328
40.270;0.402136
40.280;0.402116
40.290;0.402268
40.300;0.402612
40.310;0.402956
40.320;0.40328
40.330;0.404018
40.340;0.4024
40.350;0.403067
40.360;0.403927
40.370;0.404787
40.380;0.405647
40.390;0.406466
40.400;0.40769
40.410;0.408721
40.420;0.409753
40.430;0.410744
40.440;0.41214
40.450;0.413343
40.460;0.414526
40.470;0.415922
40.480;0.417105
40.490;0.418502
40.500;0.419705
40.510;0.420909
40.520;0.422112
40.530;0.423337
40.540;0.424347
40.550;0.425594
40.560;0.426432
40.570;0.427485
40.580;0.428345
40.590;0.429226
40.600;0.429936
40.610;0.43043
40.620;0.431118
40.630;0.431633
40.640;0.433913
40.650;0.434278
40.660;0.434472
40.670;0.434711
40.680;0.432602
40.690;0.432451
40.700;0.432107
40.710;0.431785
40.720;0.431269
40.730;0.430774
40.740;0.430086
40.750;0.429398
40.760;0.428731
40.770;0.427892
40.780;0.42686
40.790;0.425828
40.800;0.424795
40.810;0.423784
40.820;0.42258
40.830;0.421375
40.840;0.420171
40.850;0.418967
40.860;0.417762
40.870;0.416579
40.880;0.415181
40.890;0.413977
40.900;0.412772
40.910;0.411568
40.920;0.410343
40.930;0.409311
40.940;0.408278
40.950;0.407246
40.960;0.406194
40.970;0.40509
40.980;0.406538
40.990;0.40588
41.000;0.402835
41.010;0.404433
41.020;0.403917
41.030;0.40338
41.040;0.403016
41.050;0.402844
41.060;0.402652
41.070;0.402652
41.080;0.402632
41.090;0.402804
41.100;0.402956
41.110;0.4033
41.120;0.403623
41.130;0.404139
41.140;0.404635
41.150;0.405323
41.160;0.406011
41.170;0.406678
41.180;0.407762
41.190;0.406486
41.200;0.407518
41.210;0.40857
41.220;0.409389
41.230;0.410592
41.240;0.411796
41.250;0.412999
41.260;0.414203
41.270;0.415407
41.280;0.41661
41.290;0.417814
41.300;0.419017
41.310;0.420221
41.320;0.421446
41.330;0.422456
41.340;0.423681
41.350;0.424734
41.360;0.425572
41.370;0.426625
41.380;0.427506
41.390;0.428173
41.400;0.429076
41.410;0.429592
41.420;0.430107
41.430;0.430645
41.440;0.430989
41.450;0.431354
41.460;0.431526
41.470;0.43172
41.480;0.431742
41.490;0.43157
41.500;0.431398
41.510;0.431269
41.520;0.430731
41.530;0.430409
41.540;0.429914
41.550;0.429226
41.560;0.428538
41.570;0.427892
41.580;0.426839
41.590;0.426
41.600;0.424967
41.610;0.423935
41.620;0.422924
41.630;0.421699
41.640;0.420687
41.650;0.419504
41.660;0.418106
41.670;0.416902
41.680;0.415697
41.690;0.414493
41.700;0.413289
41.710;0.412084
41.720;0.410859
41.730;0.409806
41.740;0.408742
41.750;0.409806
41.760;0.408967
41.770;0.407894
41.780;0.407226
41.790;0.406345
41.800;0.405657
41.810;0.404949
41.820;0.404433
41.830;0.403896
41.840;0.403552
41.850;0.403188
41.860;0.403016
41.870;0.402824
41.880;0.402804
41.890;0.402996
41.900;0.402956
41.910;0.4033
41.920;0.403644
41.930;0.40419
41.940;0.402571
41.950;0.403038
41.960;0.405839
41.970;0.40673
41.980;0.405495
41.990;0.406142
42.000;0.407174
42.010;0.408226
42.020;0.409065
42.030;0.410076
42.040;0.41128
42.050;0.412484
42.060;0.413687
42.070;0.414891
42.080;0.416074
42.090;0.41747
42.100;0.418673
42.110;0.419898
42.120;0.420909
42.130;0.422112
42.140;0.423337
42.150;0.424369
42.160;0.425422
42.170;0.426281
42.180;0.427141
42.190;0.428022
42.200;0.42871
42.210;0.42942
42.220;0.429936
42.230;0.430473
42.240;0.430817
42.250;0.431182
42.260;0.431354
42.270;0.431548
42.280;0.43157
42.290;0.431398
42.300;0.431226
42.310;0.431075
42.320;0.430753
42.330;0.430237
42.340;0.429742
42.350;0.429054
42.360;0.428366
42.370;0.427699
42.380;0.42686
42.390;0.425828
42.400;0.424774
42.410;0.423956
42.420;0.422731
42.430;0.42172
42.440;0.420494
42.450;0.419483
42.460;0.418278
42.470;0.417074
42.480;0.41587
42.490;0.414665
42.500;0.413461
42.510;0.412256
42.520;0.411031
42.530;0.409978
42.540;0.409139
42.550;0.408086
42.560;0.407246
42.570;0.406173
42.580;0.405505
42.590;0.404402
42.600;0.405809
42.610;0.405536
42.620;0.402471
42.630;0.40424
42.640;0.403896
42.650;0.403532
42.660;0.40336
42.670;0.403168
42.680;0.403168
42.690;0.403148
42.700;0.4033
42.710;0.403644
42.720;0.403988
42.730;0.404311
42.740;0.404827
42.750;0.405323
42.760;0.406011
42.770;0.406699
42.780;0.407346
42.790;0.408398
42.800;0.409483
42.810;0.408206
42.820;0.409237
42.830;0.410269
42.840;0.41128
42.850;0.412484
42.860;0.413687
42.870;0.414912
42.880;0.415922
42.890;0.417126
42.900;0.41835
42.910;0.419361
42.920;0.420586
42.930;0.421618
42.940;0.422649
42.950;0.423681
42.960;0.424734
42.970;0.425594
42.980;0.426453
42.990;0.427335
43.000;0.428022
43.010;0.428732
43.020;0.429248
43.030;0.429785
43.040;0.430129
43.050;0.430473
